Wall time,Step,Value
1552462433.8606863,0,52.076412200927734
1552462445.1982493,1,45.18272399902344
1552462460.2666016,2,58.388702392578125
1552462472.958923,3,64.2026596069336
1552462488.597705,4,68.68770599365234
1552462503.9665282,5,68.02325439453125
1552462519.5424066,6,75.0
1552462532.4009278,7,74.0033187866211
1552462547.8641284,8,65.44850158691406
1552462560.7146702,9,59.800662994384766
1552462573.5452585,10,59.800662994384766
1552462586.2881382,11,59.88372039794922
1552462599.082533,12,57.89036560058594
1552462611.743721,13,58.05647659301758
1552462624.3267632,14,73.0896987915039
1552462637.0065334,15,72.84053039550781
1552462649.8013685,16,73.83721160888672
1552462663.0078146,17,75.1661148071289
1552462678.500111,18,73.9202651977539
1552462691.39429,19,77.07640838623047
1552462704.299891,20,76.99335479736328
1552462717.3458712,21,81.64451599121094
1552462732.9995685,22,82.39202880859375
1552462748.6401467,23,81.97674560546875
1552462761.2742136,24,83.22258758544922
1552462776.8118129,25,82.39202880859375
1552462792.5034337,26,81.81063079833984
1552462808.1660535,27,82.39202880859375
1552462821.0658078,28,82.30896759033203
1552462833.708024,29,82.47508239746094
1552462846.5863671,30,82.55813598632812
1552462859.4263098,31,82.89036560058594
1552462872.4540164,32,82.97341918945312
1552462885.2644482,33,82.80731201171875
1552462898.1165457,34,82.30896759033203
1552462910.9717734,35,82.55813598632812
1552462923.8804028,36,83.38870239257812
1552462936.3320076,37,82.72425079345703
1552462949.3840675,38,82.80731201171875
1552462962.2558622,39,83.13953399658203
1552462974.6604047,40,82.39202880859375
1552462987.4762933,41,83.63787078857422
1552463000.246078,42,83.55481719970703
1552463012.963409,43,83.80398559570312
1552463026.0835311,44,84.13621520996094
1552463038.7300503,45,83.30564880371094
1552463051.5504358,46,83.72093200683594
1552463064.4887292,47,82.80731201171875
1552463077.051084,48,84.13621520996094
1552463089.783653,49,83.72093200683594
