Wall time,Step,Value
1554108760.8601532,-1,58.88594055175781
1554108792.0454023,0,59.94694900512695
1554108815.0630991,1,68.70026397705078
1554108838.372162,2,40.05305099487305
1554108860.7800558,3,55.43766403198242
1554108883.7663324,4,77.45358276367188
1554108906.773535,5,60.21220016479492
1554108929.2992148,6,40.05305099487305
1554108951.6945279,7,88.06365966796875
1554108974.390035,8,88.06365966796875
1554108997.3439724,9,88.59416198730469
1554109020.6925719,10,87.00265502929688
1554109043.1306138,11,74.27055358886719
1554109065.5441496,12,60.21220016479492
1554109088.1705937,13,87.00265502929688
1554109110.7420468,14,88.32891082763672
1554109133.6416967,15,66.5782470703125
1554109155.9870598,16,40.84880447387695
1554109178.6078072,17,57.294429779052734
1554109200.995855,18,87.79840850830078
1554109223.581825,19,81.43235778808594
1554109246.7206478,20,60.21220016479492
1554109269.6448996,21,87.53315734863281
1554109292.3875198,22,87.00265502929688
1554109315.1833603,23,87.00265502929688
1554109338.0038128,24,87.53315734863281
1554109360.3769636,25,86.7374038696289
1554109383.0211537,26,88.06365966796875
1554109405.7959447,27,89.12466430664062
1554109429.3359127,28,89.6551742553711
1554109452.7157671,29,88.32891082763672
1554109475.167516,30,90.71617889404297
1554109498.507242,31,89.38992309570312
1554109520.981456,32,90.71617889404297
1554109543.477657,33,89.6551742553711
1554109566.2709754,34,89.6551742553711
1554109589.0061285,35,88.85941314697266
1554109611.572532,36,88.59416198730469
1554109633.9986608,37,88.06365966796875
1554109656.9450622,38,88.85941314697266
1554109680.033899,39,90.450927734375
1554109702.6840866,40,89.6551742553711
1554109725.3773162,41,90.71617889404297
1554109747.6983433,42,90.71617889404297
1554109770.297505,43,91.77719116210938
1554109793.5715535,44,90.98143005371094
1554109816.2324789,45,88.85941314697266
1554109838.8197474,46,89.38992309570312
1554109861.4891572,47,90.71617889404297
1554109884.0713005,48,90.71617889404297
1554109906.699293,49,90.18567657470703
