Wall time,Step,Value
1554108786.2143779,0,75.0242919921875
1554108809.437564,1,85.22837829589844
1554108832.696036,2,85.3255615234375
1554108855.3361104,3,84.74246978759766
1554108877.922879,4,83.09037780761719
1554108901.4226124,5,89.69873809814453
1554108923.893613,6,87.56073760986328
1554108946.2182066,7,84.93682861328125
1554108969.0708072,8,90.6705551147461
1554108991.968187,9,93.00291442871094
1554109015.1262183,10,92.12828063964844
1554109037.6185768,11,93.87754821777344
1554109060.224701,12,91.93391418457031
1554109082.975707,13,92.12828063964844
1554109105.4347687,14,92.51700592041016
1554109128.0761347,15,94.16909790039062
1554109150.68597,16,93.48882293701172
1554109173.2538502,17,88.72692108154297
1554109195.754365,18,92.71137237548828
1554109218.1342072,19,93.39163970947266
1554109240.903777,20,94.16909790039062
1554109264.1430595,21,90.08746337890625
1554109286.7135532,22,93.58600616455078
1554109309.560311,23,94.55782318115234
1554109332.6345348,24,94.46063995361328
1554109355.1003506,25,93.68318939208984
1554109377.6511633,26,94.55782318115234
1554109400.342023,27,93.00291442871094
1554109423.9177823,28,92.71137237548828
1554109447.166551,29,94.26628112792969
1554109469.8505516,30,95.14091491699219
1554109492.9768534,31,94.94654846191406
1554109515.5316985,32,93.39163970947266
1554109538.0178196,33,94.46063995361328
1554109560.8382182,34,94.6550064086914
1554109583.4105518,35,94.26628112792969
1554109606.1270108,36,94.849365234375
1554109628.5969121,37,94.36345672607422
1554109651.4744143,38,95.23809814453125
1554109674.3315022,39,94.94654846191406
1554109697.22004,40,94.07191467285156
1554109719.7285633,41,96.30709075927734
1554109742.2029467,42,95.62682342529297
1554109764.8692288,43,95.33527374267578
1554109788.016124,44,94.75218963623047
1554109810.6263068,45,94.75218963623047
1554109833.1647282,46,95.43245697021484
1554109855.93925,47,95.72400665283203
1554109878.5664396,48,96.01554870605469
1554109901.1971514,49,95.5296401977539
