Wall time,Step,Value
1554107598.477034,0,59.18367385864258
1554107621.2489252,1,72.10884094238281
1554107644.4852405,2,76.5792007446289
1554107667.8691833,3,78.81438446044922
1554107690.5057433,4,79.10592651367188
1554107712.6460195,5,78.52283477783203
1554107735.6760182,6,82.02137756347656
1554107758.4232855,7,79.00874328613281
1554107780.8371313,8,77.64820098876953
1554107803.527074,9,78.32847595214844
1554107825.9847531,10,81.92420196533203
1554107848.6746705,11,80.95237731933594
1554107871.0390532,12,82.99319458007812
1554107894.016276,13,83.4791030883789
1554107916.1851785,14,83.4791030883789
1554107938.7506146,15,84.35374450683594
1554107961.0497568,16,84.25656127929688
1554107983.6569023,17,83.28474426269531
1554108005.791188,18,84.15937805175781
1554108028.2948232,19,83.18756103515625
1554108050.5911615,20,86.49173736572266
1554108073.1222188,21,84.35374450683594
1554108096.4465046,22,86.8804702758789
1554108119.9281766,23,86.78328704833984
1554108142.529235,24,86.29737854003906
1554108164.9445639,25,86.00582885742188
1554108188.237113,26,85.42273712158203
1554108210.7924929,27,86.58892059326172
1554108234.3428261,28,87.949462890625
1554108257.1547174,29,87.36637878417969
1554108279.669768,30,86.49173736572266
1554108302.5409136,31,86.68610382080078
1554108325.0699887,32,85.61710357666016
1554108347.6247303,33,86.8804702758789
1554108369.9899838,34,85.61710357666016
1554108393.0994015,35,86.29737854003906
1554108415.9355814,36,87.0748291015625
1554108438.220172,37,86.97764587402344
1554108460.4338775,38,88.33819580078125
1554108482.7125769,39,86.3945541381836
1554108505.7614896,40,87.7551040649414
1554108528.6760504,41,86.8804702758789
1554108551.5054278,42,87.36637878417969
1554108574.4769638,43,87.26919555664062
1554108597.0465934,44,88.33819580078125
1554108619.7566407,45,88.92127990722656
1554108642.5644584,46,87.56073760986328
1554108665.2250478,47,87.46355438232422
1554108687.6476307,48,87.85228729248047
1554108710.5488973,49,87.46355438232422
