Wall time,Step,Value
1552472858.5774615,0,66.77740478515625
1552472868.8452902,1,67.19268798828125
1552472878.9413872,2,73.25581359863281
1552472889.3501813,3,72.84053039550781
1552472899.504331,4,76.0797348022461
1552472910.11372,5,76.99335479736328
1552472920.6144218,6,76.4950180053711
1552472931.2785623,7,77.65780639648438
1552472941.4393566,8,79.98339080810547
1552472951.684321,9,80.39867401123047
1552472962.0824618,10,78.65448760986328
1552472972.4303083,11,81.39534759521484
1552472982.9776492,12,81.31229400634766
1552472993.2878745,13,80.39867401123047
1552473003.8774652,14,81.56146240234375
1552473014.3163424,15,80.23255920410156
1552473024.513671,16,79.56810760498047
1552473034.8965316,17,80.89701080322266
1552473045.3496785,18,80.81395721435547
1552473055.7575238,19,78.90365600585938
1552473066.093127,20,79.90032958984375
1552473076.5757725,21,81.22923278808594
1552473087.4205542,22,81.06312561035156
1552473097.8921368,23,81.81063079833984
1552473108.4065404,24,81.47840881347656
1552473118.9449406,25,82.14286041259766
1552473129.4002357,26,82.14286041259766
1552473139.8455868,27,83.38870239257812
1552473150.107823,28,84.46843719482422
1552473160.4241128,29,84.13621520996094
1552473171.016995,30,84.88372039794922
1552473181.4945562,31,85.29900360107422
1552473192.0090287,32,86.12957000732422
1552473202.2555447,33,85.21595001220703
1552473212.301863,34,87.20930480957031
1552473222.8249228,35,85.7973403930664
1552473233.1726406,36,86.7109603881836
1552473243.4612486,37,88.03986358642578
1552473253.806046,38,88.5382080078125
1552473264.2245238,39,90.94684600830078
1552473274.4936545,40,92.10963439941406
1552473284.8287072,41,95.34883880615234
1552473295.0148783,42,95.59800720214844
1552473305.5346546,43,97.2591323852539
1552473315.9569035,44,98.00664520263672
1552473326.3761587,45,97.84053039550781
1552473336.6259983,46,98.5049819946289
1552473346.997307,47,98.25581359863281
1552473357.4873493,48,98.5049819946289
1552473367.729116,49,98.83721160888672
