Wall time,Step,Value
1552526704.865019,-1,57.5596809387207
1552526715.0234601,0,81.9628677368164
1552526725.440589,1,84.8806381225586
1552526736.3321235,2,85.6763916015625
1552526747.479841,3,80.1061019897461
1552526757.9855354,4,83.28912353515625
1552526768.4525826,5,86.7374038696289
1552526779.5181777,6,85.41114044189453
1552526789.8860588,7,87.26790618896484
1552526801.237006,8,64.98674011230469
1552526811.6407151,9,82.22811889648438
1552526822.1996284,10,83.55437469482422
1552526832.7755635,11,84.8806381225586
1552526843.3266006,12,87.79840850830078
1552526854.0569477,13,87.00265502929688
1552526864.3625195,14,85.41114044189453
1552526874.571315,15,69.49601745605469
1552526884.9507139,16,86.7374038696289
1552526895.3381298,17,84.35013580322266
1552526906.0786943,18,80.1061019897461
1552526916.549784,19,84.61538696289062
1552526927.0924933,20,86.7374038696289
1552526937.680208,21,87.53315734863281
1552526948.1940525,22,87.26790618896484
1552526958.567775,23,87.00265502929688
1552526969.014242,24,87.53315734863281
1552526979.615855,25,87.00265502929688
1552526990.1627731,26,87.79840850830078
1552527000.4836967,27,87.26790618896484
1552527010.9125378,28,87.00265502929688
1552527021.1054454,29,87.79840850830078
1552527031.498225,30,86.7374038696289
1552527042.0738993,31,87.00265502929688
1552527052.5054166,32,88.32891082763672
1552527063.4144044,33,87.79840850830078
1552527073.9317613,34,88.06365966796875
1552527084.5337873,35,87.79840850830078
1552527095.0706537,36,87.26790618896484
1552527105.5807,37,88.32891082763672
1552527116.0541074,38,87.26790618896484
1552527126.386892,39,87.53315734863281
1552527136.8592005,40,87.00265502929688
1552527147.434398,41,88.06365966796875
1552527157.9306872,42,87.79840850830078
1552527168.5157206,43,88.32891082763672
1552527179.3166952,44,87.79840850830078
1552527189.696586,45,87.26790618896484
1552527200.3852835,46,88.06365966796875
1552527210.9848876,47,88.32891082763672
1552527221.5736349,48,88.59416198730469
1552527232.3696973,49,87.53315734863281
