Wall time,Step,Value
1552426536.8293576,0,55.6478385925293
1552426544.6555355,1,61.212623596191406
1552426552.4411283,2,65.0332260131836
1552426560.2429864,3,72.92359161376953
1552426568.08394,4,74.3355484008789
1552426575.910759,5,76.9103012084961
1552426583.728857,6,76.32890319824219
1552426591.677026,7,78.15614318847656
1552426599.6042628,8,80.56478118896484
1552426607.5411556,9,79.06977081298828
1552426615.1550803,10,81.64451599121094
1552426622.9744527,11,81.31229400634766
1552426630.792996,12,83.38870239257812
1552426638.4847524,13,84.38538360595703
1552426646.476991,14,84.21926879882812
1552426654.3333461,15,86.37873840332031
1552426662.263332,16,88.2890396118164
1552426670.1015728,17,87.5415267944336
1552426677.9287398,18,89.53488159179688
1552426685.9253302,19,89.2026596069336
1552426693.8332875,20,90.36544799804688
1552426701.8214514,21,93.52159118652344
1552426709.8113296,22,92.94020080566406
1552426718.6449485,23,93.93687438964844
1552426726.808366,24,93.02325439453125
1552426734.9256527,25,93.68770599365234
1552426743.15201,26,93.85382080078125
1552426751.291749,27,93.77076721191406
1552426759.4306376,28,93.85382080078125
1552426767.2631598,29,93.52159118652344
1552426775.4447553,30,94.10298919677734
1552426783.5011854,31,93.85382080078125
1552426791.5394056,32,93.68770599365234
1552426799.588696,33,94.10298919677734
1552426807.8203757,34,94.01993560791016
1552426815.9593022,35,93.68770599365234
1552426823.8980393,36,94.35215759277344
1552426832.3277175,37,94.68438720703125
1552426840.6279378,38,93.77076721191406
1552426849.0440311,39,94.10298919677734
1552426857.282006,40,94.51827239990234
1552426865.519001,41,93.52159118652344
1552426873.833925,42,94.10298919677734
1552426882.0461392,43,94.51827239990234
1552426890.112181,44,94.60132598876953
1552426898.4211273,45,94.51827239990234
1552426906.5693212,46,94.43521881103516
1552426914.8843293,47,94.51827239990234
1552426923.2396696,48,94.68438720703125
1552426931.3912976,49,94.51827239990234
