Wall time,Step,Value
1556616635.640642,-1,39.78779983520508
1556616648.5554879,0,79.57559967041016
1556616658.4280703,1,61.27320861816406
1556616668.4574645,2,84.61538696289062
1556616679.1634452,3,83.02387237548828
1556616689.0779872,4,84.61538696289062
1556616699.2671723,5,84.61538696289062
1556616709.251786,6,81.9628677368164
1556616719.1813111,7,83.81962585449219
1556616729.5143843,8,87.53315734863281
1556616740.12055,9,78.51458740234375
1556616749.867938,10,82.22811889648438
1556616759.7564862,11,72.94429779052734
1556616769.8938234,12,83.81962585449219
1556616780.0819285,13,82.75862121582031
1556616789.984846,14,77.98408508300781
1556616799.7295308,15,71.88329315185547
1556616809.8188229,16,85.14588928222656
1556616819.8165333,17,79.04508972167969
1556616829.6446393,18,85.14588928222656
1556616839.5015197,19,76.92308044433594
1556616849.4362202,20,83.28912353515625
1556616859.646994,21,88.59416198730469
1556616870.1739829,22,88.06365966796875
1556616880.1960196,23,88.06365966796875
1556616889.838311,24,87.79840850830078
1556616899.913851,25,88.85941314697266
1556616910.163411,26,88.85941314697266
1556616920.1650956,27,88.59416198730469
1556616930.1785958,28,88.85941314697266
1556616940.2031083,29,89.38992309570312
1556616950.7946002,30,89.12467193603516
1556616960.5641108,31,90.18567657470703
1556616971.0975647,32,88.59416198730469
1556616981.0966377,33,89.92042541503906
1556616991.0000741,34,89.6551742553711
1556617000.9551506,35,89.12467193603516
1556617010.8756623,36,89.12467193603516
1556617020.6539693,37,89.12467193603516
1556617030.4726298,38,89.12467193603516
1556617040.13407,39,88.85941314697266
1556617049.9116056,40,88.59416198730469
1556617059.7082562,41,88.06365966796875
1556617069.7541656,42,89.12467193603516
1556617079.5222993,43,87.79840850830078
1556617089.3039744,44,88.85941314697266
1556617098.9757564,45,88.32891082763672
1556617108.7238274,46,89.38992309570312
1556617118.5180156,47,88.32891082763672
1556617128.3819034,48,88.85941314697266
1556617138.5237255,49,88.32891082763672
