Wall time,Step,Value
1556616645.2433338,0,69.10298919677734
1556616655.1949234,1,77.15946960449219
1556616665.2646282,2,79.23587799072266
1556616675.8862486,3,82.64119720458984
1556616685.890231,4,84.80066680908203
1556616695.983752,5,85.54817199707031
1556616705.8988652,6,86.12957000732422
1556616715.8909144,7,85.7973403930664
1556616726.1297643,8,87.7076416015625
1556616736.9352236,9,87.20930480957031
1556616746.5886624,10,89.28571319580078
1556616756.4442139,11,87.5415267944336
1556616766.5509524,12,90.53156280517578
1556616776.7719727,13,89.6179428100586
1556616786.6641781,14,88.7873764038086
1556616796.4177759,15,90.36544799804688
1556616806.3171763,16,91.27906799316406
1556616816.4615202,17,92.27574920654297
1556616826.3821871,18,92.60797119140625
1556616836.262007,19,91.61129760742188
1556616846.2061849,20,93.10631561279297
1556616856.3642652,21,92.35880279541016
1556616866.885231,22,95.01660919189453
1556616876.8832424,23,94.43521881103516
1556616886.6378264,24,96.26245880126953
1556616896.6326911,25,95.68106079101562
1556616906.9775271,26,95.26577758789062
1556616916.8370917,27,95.01660919189453
1556616926.8649426,28,94.76744079589844
1556616936.975139,29,96.92691040039062
1556616947.5109978,30,95.68106079101562
1556616957.321017,31,95.84717559814453
1556616967.8345602,32,95.01660919189453
1556616977.8622315,33,95.34883880615234
1556616987.8141782,34,95.84717559814453
1556616997.6869123,35,95.93022918701172
1556617007.5890536,36,96.51162719726562
1556617017.3227525,37,96.42857360839844
1556617027.2284105,38,96.09634399414062
1556617036.8133597,39,95.93022918701172
1556617046.5600133,40,96.84385681152344
1556617056.4603934,41,95.26577758789062
1556617066.4322946,42,96.09634399414062
1556617076.2703774,43,96.09634399414062
1556617086.103062,44,95.34883880615234
1556617095.7713602,45,96.26245880126953
1556617105.63928,46,96.26245880126953
1556617115.269733,47,96.09634399414062
1556617125.109945,48,96.51162719726562
1556617135.2200649,49,96.42857360839844
