Wall time,Step,Value
1554793117.277742,-1,49.071617126464844
1554793166.3293989,0,50.132625579833984
1554793187.7639828,1,60.742706298828125
1554793221.2144623,2,63.66047668457031
1554793254.277965,3,65.25199127197266
1554793288.056974,4,64.19097900390625
1554793315.221286,5,62.86471939086914
1554793341.5848346,6,64.72148132324219
1554793368.0506134,7,63.92572784423828
1554793394.349072,8,62.59946823120117
1554793420.5757813,9,62.068965911865234
1554793446.8363528,10,67.90451049804688
1554793479.966486,11,62.864723205566406
1554793506.1479995,12,61.27320861816406
1554793532.6254933,13,60.742706298828125
1554793559.124244,14,62.068965911865234
1554793585.65134,15,76.1273193359375
1554793619.1166193,16,79.57559967041016
1554793652.596065,17,77.45358276367188
1554793679.2722948,18,64.72148895263672
1554793705.9808817,19,75.3315658569336
1554793732.6140418,20,75.86206817626953
1554793758.9267519,21,79.04508972167969
1554793784.8382828,22,79.04508972167969
1554793811.2445521,23,81.16710662841797
1554793844.7488816,24,79.04508972167969
1554793871.686011,25,80.63660430908203
1554793898.296983,26,79.04508972167969
1554793924.3916807,27,79.57559967041016
1554793950.679518,28,79.84085083007812
1554793977.0529659,29,80.37135314941406
1554794003.4417424,30,80.37135314941406
1554794029.5424237,31,79.84085083007812
1554794056.0852304,32,79.84085083007812
1554794082.2849264,33,78.51458740234375
1554794108.8124404,34,81.16710662841797
1554794135.8855748,35,80.1061019897461
1554794162.1825225,36,79.84085083007812
1554794188.6689298,37,80.37135314941406
1554794215.081989,38,79.57559967041016
1554794241.3025131,39,79.31034088134766
1554794267.5728872,40,79.57559967041016
1554794293.6788907,41,80.63660430908203
1554794320.0569534,42,80.37135314941406
1554794346.7031717,43,79.31034088134766
1554794373.135475,44,79.57559967041016
1554794399.1382103,45,79.31034088134766
1554794425.5786097,46,79.57559967041016
1554794451.2715364,47,80.63660430908203
1554794477.7621336,48,79.84085083007812
1554794503.613797,49,79.57559967041016
