Wall time,Step,Value
1554793162.7754326,0,48.08970260620117
1554793184.1558385,1,55.481727600097656
1554793217.6938214,2,57.89036560058594
1554793250.6741848,3,55.23255920410156
1554793284.4665532,4,65.36544799804688
1554793311.6780543,5,62.043190002441406
1554793337.9370306,6,61.79402160644531
1554793364.3943062,7,64.6179428100586
1554793390.766585,8,65.44850158691406
1554793416.8999853,9,62.956809997558594
1554793443.264896,10,66.61129760742188
1554793476.3988347,11,64.3687744140625
1554793502.6120691,12,65.44850158691406
1554793529.0029128,13,63.372093200683594
1554793555.597648,14,64.78404998779297
1554793581.98014,15,67.77408599853516
1554793615.568995,16,71.51162719726562
1554793648.934717,17,71.67774200439453
1554793675.698057,18,74.7508316040039
1554793702.2367947,19,72.6744155883789
1554793728.9213696,20,74.7508316040039
1554793755.343913,21,75.1661148071289
1554793781.2996414,22,77.24252319335938
1554793807.6733768,23,78.57142639160156
1554793841.2319407,24,78.07308959960938
1554793868.1406815,25,80.23255920410156
1554793894.6330807,26,79.90032958984375
1554793920.8404107,27,79.31893920898438
1554793947.1159012,28,80.23255920410156
1554793973.3891728,29,79.06977081298828
1554793999.8424633,30,80.89701080322266
1554794026.163747,31,81.06312561035156
1554794052.551729,32,79.98339080810547
1554794078.6371818,33,80.23255920410156
1554794105.216204,34,80.98006439208984
1554794132.155591,35,81.14617919921875
1554794158.6575608,36,80.98006439208984
1554794185.0578437,37,79.90032958984375
1554794211.4839122,38,81.39534759521484
1554794237.614475,39,80.89701080322266
1554794263.994034,40,81.72757720947266
1554794290.093165,41,80.81394958496094
1554794316.500401,42,81.47840881347656
1554794343.1087499,43,80.14949798583984
1554794369.5754101,44,81.64451599121094
1554794395.6188314,45,81.47840881347656
1554794421.979751,46,82.14286041259766
1554794447.6763668,47,80.56478118896484
1554794474.2073371,48,81.97674560546875
1554794499.969079,49,81.22923278808594
