Wall time,Step,Value
1554797508.3371148,-1,58.355438232421875
1554797557.9353628,0,84.08487701416016
1554797579.9922512,1,75.86206817626953
1554797607.0468714,2,79.84085083007812
1554797634.0769668,3,82.22811889648438
1554797661.208478,4,61.53845977783203
1554797688.5426798,5,82.75862121582031
1554797715.7736783,6,76.92308044433594
1554797742.6868134,7,82.49337005615234
1554797769.877749,8,85.41114044189453
1554797804.3621159,9,81.9628677368164
1554797830.277867,10,87.26790618896484
1554797864.2404425,11,89.12467193603516
1554797898.3546293,12,85.14588928222656
1554797925.2779224,13,82.49337005615234
1554797952.2986126,14,88.06365966796875
1554797979.9183269,15,59.94694900512695
1554798007.125881,16,75.59681701660156
1554798033.689166,17,85.6763916015625
1554798060.412345,18,87.53315734863281
1554798087.705455,19,86.4721450805664
1554798115.532459,20,87.00265502929688
1554798143.1591446,21,88.59416198730469
1554798170.0904355,22,87.53315734863281
1554798197.337564,23,88.32891082763672
1554798223.5107653,24,87.53315734863281
1554798250.7247791,25,87.79840850830078
1554798278.1748037,26,88.06365966796875
1554798305.1541405,27,88.06365966796875
1554798331.998101,28,88.32891082763672
1554798359.0704784,29,88.32891082763672
1554798386.2005615,30,87.26790618896484
1554798413.4345157,31,87.53315734863281
1554798440.636251,32,87.79840850830078
1554798467.870782,33,87.53315734863281
1554798495.163897,34,88.06365966796875
1554798522.2814317,35,88.32891082763672
1554798549.3365076,36,88.06365966796875
1554798576.4469469,37,88.32891082763672
1554798603.3385673,38,88.06365966796875
1554798630.3835666,39,87.26790618896484
1554798657.6220865,40,87.79840850830078
1554798684.7241251,41,87.53315734863281
1554798711.6251743,42,86.7374038696289
1554798738.7376049,43,88.32891082763672
1554798765.94409,44,88.06365966796875
1554798793.0591874,45,88.06365966796875
1554798819.8351693,46,88.06365966796875
1554798847.0142496,47,88.06365966796875
1554798874.1478014,48,87.79840850830078
1554798901.4286475,49,88.06365966796875
